,artists_id,year,popularity,count,follower_num
0,66915,1960,29.34090909090909,308,72
1,66915,1970,31.870466321243523,193,59
2,66915,1980,33.47058823529412,34,53
3,66915,1990,40.6875,16,32
4,66915,2000,47.5,2,4
