,artists_id,year,popularity,count,follower_num
0,538677,1950,32.92857142857143,28,45
1,538677,1960,30.55,20,22
2,538677,1970,28.66666666666667,3,4
3,538677,1980,29.33333333333333,3,3
4,538677,2000,50.66666666666666,3,1
