,artists_id,year,popularity,count,follower_num
0,531986,1960,34.357142857142854,28,5
1,531986,1970,42.9,120,79
2,531986,1980,39.714285714285715,63,86
3,531986,1990,46.0,11,32
4,531986,2000,44.625,8,31
5,531986,2010,52.0,1,5
