,artists_id,year,popularity,count,follower_num
0,180228,1920,3.0,1,65
1,180228,1950,36.275229357798175,109,33
2,180228,1960,29.285140562248998,249,12
3,180228,1970,34.21818181818182,110,5
4,180228,1990,43.0,1,4
5,180228,2000,53.41935483870968,31,3
