,artists_id,year,popularity,count,follower_num
0,139026,1960,44.35714285714285,70,85
1,139026,1970,40.916279069767434,215,43
2,139026,1980,32.58064516129032,31,18
3,139026,2000,49.40909090909091,22,3
