,popularity,count,nodes,links
0,9.0,10,0,0
1,18.1,92,0,0
2,657.8128433736562,449,133,262
3,8618.14103904946,6243,502,1868
4,19581.745603251256,11138,414,1047
5,32441.42740448848,10685,523,1156
6,49731.68239933858,7472,557,1188
7,62669.55771083998,7727,194,170
8,38310.8882078136,4680,21,12
