,artists_id,year,popularity,count,follower_num
0,41874,1960,26.335664335664333,429,34
1,41874,1970,32.368421052631575,57,41
2,41874,1980,27.0,1,30
3,41874,2000,52.5,6,22
4,41874,2010,51.6,10,2
