,artists_id,year,popularity,count,follower_num
0,754032,1960,48.18181818181818,275,248
1,754032,1970,46.13636363636363,66,145
2,754032,1980,40.51515151515152,33,112
3,754032,1990,44.85714285714285,7,70
4,754032,2000,59.36666666666667,30,34
5,754032,2010,58.0,2,6
