,artists_id,year,popularity,count,follower_num
0,577627,1960,27.46875,128,57
1,577627,1970,31.5748031496063,127,28
2,577627,1980,32.625,8,16
3,577627,1990,43.0,1,6
