,artists_id,year,popularity,count,follower_num
0,894465,1960,32.323076923076925,260,82
1,894465,1970,35.533018867924525,212,54
2,894465,1980,41.270270270270274,37,41
3,894465,1990,46.111111111111114,9,16
4,894465,2000,47.75,4,3
